P_1,P_2,P_5,recall_1,recall_2,recall_5,ndcg_cut_1,ndcg_cut_2,ndcg_cut_5,map_cut_1,map_cut_2,map_cut_5,success_1,success_2,success_5
0.00000,0.00000,0.00000,0.00000,0.00000,0.00000,0.00000,0.00000,0.00000,0.00000,0.00000,0.00000,0.00000,0.00000,0.00000
1.00000,0.50000,0.20000,0.50000,0.50000,0.50000,1.00000,0.61315,0.61315,0.50000,0.50000,0.50000,1.00000,1.00000,1.00000
0.00000,0.00000,0.00000,0.00000,0.00000,0.00000,0.00000,0.00000,0.00000,0.00000,0.00000,0.00000,0.00000,0.00000,0.00000
0.00000,0.00000,0.20000,0.00000,0.00000,0.50000,0.00000,0.00000,0.26407,0.00000,0.00000,0.12500,0.00000,0.00000,1.00000
0.00000,0.50000,0.20000,0.00000,0.50000,0.50000,0.00000,0.38685,0.38685,0.00000,0.25000,0.25000,0.00000,1.00000,1.00000
