metrics,mean.after,mean.before
ndkl,0.14063015314004268,0.28967238087575703
skew.majority,-0.028525615130660608,-0.028525615130660608
skew.minority,-9.715486100844833,-9.715486100844833
