before.ndkl,after.ndkl,before.skew.minority,before.skew.majority,after.skew.minority,after.skew.majority
0.10536051565771523,0.10536051565771523,-25.3284360229445,0.10536051565771523,-25.3284360229445,0.10536051565771523
0.10536051565771523,0.10536051565771523,-25.3284360229445,0.10536051565771523,-25.3284360229445,0.10536051565771523
0.09545945651433313,0.09545945651433313,0.6931471805549453,-0.1177830356562445,0.6931471805549453,-0.1177830356562445
0.9436962776137967,0.19848513893522485,0.6931471805549453,-0.1177830356562445,0.6931471805549453,-0.1177830356562445
0.19848513893522485,0.19848513893522485,0.6931471805549453,-0.1177830356562445,0.6931471805549453,-0.1177830356562445
