before.ndkl,after.ndkl,before.skew.minority,before.skew.majority,after.skew.minority,after.skew.majority
0.08004270767345313,0.08004270767345313,-25.06607175848001,0.08004270767345315,-25.06607175848001,0.08004270767345315
0.08004270767345313,0.08004270767345313,-25.06607175848001,0.08004270767345315,-25.06607175848001,0.08004270767345315
0.0881960296534608,0.08004270767345313,0.9555114450194363,-0.14310084364050663,-25.06607175848001,0.08004270767345315
1.081044886012924,0.23826343658909377,0.9555114450194363,-0.14310084364050663,0.9555114450194363,-0.14310084364050663
0.23826343658909377,0.23826343658909377,0.9555114450194363,-0.14310084364050663,0.9555114450194363,-0.14310084364050663
