metrics,mean
before.ndkl,0.31351795352047696
after.ndkl,0.14496166363571092
before.skew.minority,-9.45312183638034
before.skew.majority,-0.05384342311492272
after.skew.minority,-9.45312183638034
after.skew.majority,-0.05384342311492272
