metrics,mean.after,mean.before
ndkl,0.14496166363571092,0.31351795352047696
skew.majority,-0.05384342311492272,-0.05384342311492272
skew.minority,-9.45312183638034,-9.45312183638034
