before.ndkl,after.ndkl,before.skew.minority,before.skew.majority,after.skew.minority,after.skew.majority
0.2708225167295461,0.42219683498502,-0.4307829160907042,0.14458122881091323,-0.4307829160907042,0.14458122881091323
0.35667494393830407,0.431710651928488,-26.427048311605944,0.356674943938304,-0.4054651081064976,0.13353139262434421
0.14392768279292503,0.49102570360190845,0.2876820724509477,-0.15415067982702016,0.2876820724509477,-0.15415067982702016
0.17455500983784447,0.38935336744019206,-0.5978370007533702,0.22884157242852618,0.09531017980407484,-0.0588405000228382
0.4312973990490987,0.431710651928488,0.2876820724509477,-0.15415067982702016,-0.4054651081064976,0.13353139262434421
