metric,mean
before.ndkl,0.27545551046954364
after.ndkl,0.27545551046954364
before.skew.minority,-5.376060816709623
before.skew.majority,0.08435927710474064
after.skew.minority,-5.376060816709623
after.skew.majority,0.08435927710474064
