metric,mean.before,mean.after
P_1,0.2,0.0
P_2,0.2,0.3
P_5,0.12,0.16
recall_1,0.1,0.0
recall_2,0.2,0.3
recall_5,0.3,0.4
ndcg_cut_1,0.2,0.0
ndcg_cut_2,0.2,0.232111684340725
ndcg_cut_5,0.2528136245145181,0.2795512268945842
map_cut_1,0.1,0.0
map_cut_2,0.15,0.15
map_cut_5,0.175,0.16999999999999998
success_1,0.2,0.0
success_2,0.4,0.6
success_5,0.6,0.8
