P_1.before,P_2.before,P_5.before,recall_1.before,recall_2.before,recall_5.before,ndcg_cut_1.before,ndcg_cut_2.before,ndcg_cut_5.before,map_cut_1.before,map_cut_2.before,map_cut_5.before,success_1.before,success_2.before,success_5.before,P_1.after,P_2.after,P_5.after,recall_1.after,recall_2.after,recall_5.after,ndcg_cut_1.after,ndcg_cut_2.after,ndcg_cut_5.after,map_cut_1.after,map_cut_2.after,map_cut_5.after,success_1.after,success_2.after,success_5.after
0.00000,0.00000,0.00000,0.00000,0.00000,0.00000,0.00000,0.00000,0.00000,0.00000,0.00000,0.00000,0.00000,0.00000,0.00000,0.00000,0.50000,0.20000,0.00000,0.50000,0.50000,0.00000,0.38685,0.38685,0.00000,0.25000,0.25000,0.00000,1.00000,1.00000
1.00000,0.50000,0.20000,0.50000,0.50000,0.50000,1.00000,0.61315,0.61315,0.50000,0.50000,0.50000,1.00000,1.00000,1.00000,0.00000,0.50000,0.20000,0.00000,0.50000,0.50000,0.00000,0.38685,0.38685,0.00000,0.25000,0.25000,0.00000,1.00000,1.00000
0.00000,0.00000,0.00000,0.00000,0.00000,0.00000,0.00000,0.00000,0.00000,0.00000,0.00000,0.00000,0.00000,0.00000,0.00000,0.00000,0.00000,0.00000,0.00000,0.00000,0.00000,0.00000,0.00000,0.00000,0.00000,0.00000,0.00000,0.00000,0.00000,0.00000
0.00000,0.00000,0.20000,0.00000,0.00000,0.50000,0.00000,0.00000,0.26407,0.00000,0.00000,0.12500,0.00000,0.00000,1.00000,0.00000,0.00000,0.20000,0.00000,0.00000,0.50000,0.00000,0.00000,0.23720,0.00000,0.00000,0.10000,0.00000,0.00000,1.00000
0.00000,0.50000,0.20000,0.00000,0.50000,0.50000,0.00000,0.38685,0.38685,0.00000,0.25000,0.25000,0.00000,1.00000,1.00000,0.00000,0.50000,0.20000,0.00000,0.50000,0.50000,0.00000,0.38685,0.38685,0.00000,0.25000,0.25000,0.00000,1.00000,1.00000
