metrics,mean.after,mean.before
ndkl,0.27545551046954364,0.27545551046954364
skew.majority,0.08435927710474064,0.08435927710474064
skew.minority,-5.376060816709623,-5.376060816709623
