metric,mean
before.ndkl,0.27545551046954364
after.ndkl,0.259917068291209
before.skew.minority,-5.376060816709623
before.skew.majority,0.08435927710474064
after.skew.minority,-0.033114739898246315
after.skew.majority,-0.01780584764832422
