before.ndkl,after.ndkl,before.skew.minority,before.skew.majority,after.skew.minority,after.skew.majority
0.2708225167295461,0.2708225167295461,-0.4307829160907042,0.14458122881091323,-0.4307829160907042,0.14458122881091323
0.35667494393830407,0.35667494393830407,-26.427048311605944,0.356674943938304,-26.427048311605944,0.356674943938304
0.14392768279292503,0.14392768279292503,0.2876820724509477,-0.15415067982702016,0.2876820724509477,-0.15415067982702016
0.17455500983784447,0.17455500983784447,-0.5978370007533702,0.22884157242852618,-0.5978370007533702,0.22884157242852618
0.4312973990490987,0.4312973990490987,0.2876820724509477,-0.15415067982702016,0.2876820724509477,-0.15415067982702016
