before.ndkl,after.ndkl,before.skew.minority,before.skew.majority,after.skew.minority,after.skew.majority
0.2708225167295461,0.14579399959726155,-0.4307829160907042,0.14458122881091323,0.2623642644667411,-0.14310084364045117
0.36772478012487303,0.2708225167295461,-26.452366119590152,0.3677247801248731,-0.4307829160907042,0.14458122881091323
0.14579399959726155,0.20213852076343528,0.2623642644667411,-0.14310084364045117,0.2623642644667411,-0.14310084364045117
0.14716157639112448,0.21785932311280953,-0.4307829160907042,0.14458122881091323,0.2623642644667411,-0.14310084364045117
0.4208292581911571,0.42219683498502,0.2623642644667411,-0.14310084364045117,-0.4307829160907042,0.14458122881091323
