metrics,mean
before.ndkl,0.27046642620679245
after.ndkl,0.27046642620679245
before.skew.minority,-5.357840684567615
before.skew.majority,0.07413711009315944
after.skew.minority,-5.357840684567615
after.skew.majority,0.07413711009315944
