before.ndkl,after.ndkl,before.skew.minority,before.skew.majority,after.skew.minority,after.skew.majority
0.2708225167295461,0.42219683498502,-0.4307829160907042,0.14458122881091323,-0.4307829160907042,0.14458122881091323
0.36772478012487303,0.42219683498502,-26.452366119590152,0.3677247801248731,-0.4307829160907042,0.14458122881091323
0.14579399959726155,0.47717377935733085,0.2623642644667411,-0.14310084364045117,0.2623642644667411,-0.14310084364045117
0.14716157639112448,0.4313345695916816,-0.4307829160907042,0.14458122881091323,0.2623642644667411,-0.14310084364045117
0.4208292581911571,0.42219683498502,0.2623642644667411,-0.14310084364045117,-0.4307829160907042,0.14458122881091323
