metrics,mean
before.ndkl,0.27046642620679245
after.ndkl,0.43501977078081444
before.skew.minority,-5.357840684567615
before.skew.majority,0.07413711009315944
after.skew.minority,-0.15352404386772606
after.skew.majority,0.02950839983036747
