metrics,mean.after,mean.before
ndkl,0.27046642620679245,0.27046642620679245
skew.majority,0.07413711009315944,0.07413711009315944
skew.minority,-5.357840684567615,-5.357840684567615
